name,bus,b,v_nom
0,5,0.005250997689561016,138.0
1,29,0.005250997689561016,138.0
2,53,0.005250997689561016,138.0
