name,bus,b
0,5,0.005250997689561016
1,29,0.005250997689561016
2,53,0.005250997689561016
