name,s_nom,bus0,bus1,r,x,tap_position
0,0.4,23,2,2e-05,0.00084,1
1,0.4,10,8,2e-05,0.00084,1
2,0.4,11,8,2e-05,0.00084,1
3,0.4,10,9,2e-05,0.00084,1
4,0.4,11,9,2e-05,0.00084,1
5,0.4,47,26,2e-05,0.00084,1
6,0.4,34,32,2e-05,0.00084,1
7,0.4,35,32,2e-05,0.00084,1
8,0.4,34,33,2e-05,0.00084,1
9,0.4,35,33,2e-05,0.00084,1
10,0.4,71,50,2e-05,0.00084,1
11,0.4,58,56,2e-05,0.00084,1
12,0.4,59,56,2e-05,0.00084,1
13,0.4,58,57,2e-05,0.00084,1
14,0.4,59,57,2e-05,0.00084,1
